[
    {
        "number": 1,
        "contents": "He was born in the ash among the Velothi, anon Chimer before the war with the northern men. Ayem came first to the village of the netchimen, and her shadow was that of Boethiah, who was the Prince of Plots, and things unknown and known would fold themselves around her until they were like stars or the messages of stars. Ayem took a netchiman's wife and said 'I am the Face-Snaked Queen of the Three in One. In you is an image and a seven-syllable spell, AYEM AE SEHTI AE VEHK, which you will repeat to it until mystery comes.' Then Ayem threw the netchiman's wife into the ocean water where dreughs took her into castles of glass and coral. They gifted the netchiman's wife with gills and milk fingers, changing her sex so that she might give birth to the image as an egg. There she stayed for seven or eight months. Then Seht came to the netchiman's wife and said: 'I am the Clockwork King of the Three in One. In you is an egg of my brother-sister, who possesses invisible knowledge of words and swords, which you shall nurture until the Hortator comes.' And Seht then extended his hands and multitudes of homunculi came forth, each like a glimmering rope through the water, and they raised the netchiman's wife back to the surface world and set her down on the shoals of Azura's coast. There she lay for seven or eight more months, caring for the egg-knowledge by whispering to it the Codes of Mephala and the prophecies of Veloth and even the forbidden teachings of Trinimac. Seven Daedra came to her one night and each one gave to the egg new motions that could be achieved by certain movements of the bones. These are called the Barons of Move Like This. Then an eighth Daedroth came, and he was a Demiprince, called Fa-Nuit-Hen, or the Multiplier of Motions Known. And Fa-Nuit-Hen said: 'Whom do you wait for?' To which the netchiman's wife said the Hortator. 'Go to the land of the Indoril in three months' time, for that is when war comes. I return now to haunt the warriors who fell and still wonder why. But first I show you this.' Then the Barons and the Demiprince joined together into a pillar of fighting styles terrible to behold and they danced before the egg and its learning image. 'Look, little Vehk, and find the face behind the splendor of my bladed carriage, for in it is delivered the unmixed conflict path, perfect in every way. What is its number?' It is said the number is the number of birds that can nest in an ancient tibrol tree, less three grams of honest work, but Vivec in his later years found a better one and so gave this secret to his people. 'For I have crushed a world with my left hand' he will say, 'but in my right hand is how it could have won against me. Love is under my will only.' The ending of the words is ALMSIVI"
    },
    {
        "number": 2,
        "contents": "The netchiman's wife who carried the egg of Vivec within her went looking for the lands of the Indoril. Along the journey many spirits came to see her and offer instructions to her son-daughter, the future glorious invisible warrior-poet of Vvardenfell, Vivec. The first spirit threw his arms about her and hugged his knowledge in tight. The netchiman's wife became soaked in the Incalculable Effort. The egg was delighted and did somersaults inside her, bowing to the five corners of the world and saying: 'Thus whoever performs this holy act shall be proud and mighty among the rest!' The second spirit was too aloof and acted above his station so much that he was driven off by a headache spell. The third spirit, At-Hatoor, came down to the netchiman's wife while she relaxed for a while under an Emperor Parasol. His garments were made from implications of meaning, and the egg looked at them three times. The first time Vivec said: 'Ha, it means nothing!' After looking a second time he said: 'Hmm, there might be something there after all.' Finally, giving At-Hatoor's garments a sidelong glance, he said: 'Amazing, the ability to infer significance in something devoid of detail!' 'There is a proverb,' At-Hatoor said, and then he left. The fourth spirit came with the fifth, for they were cousins. They could ghost touch and probed inside the egg to find its core. Some say Vivec at this point was shaped like a star with its penumbra broken off; others, that it looked like a revival of vanished forms. 'From my side of the family,' the first cousin said, 'I bring you a series of calamities that will bring about the end of the universe.' 'And from my side,' the second cousin said, 'I bring you all the primordial marriages that must happen within them, each one.' At this the egg laughed. 'I am given too much to bear so young. I must have been born before.' And then the sixth spirit appeared, the Black Hands Mephala, who taught the Velothi at the beginning of days all the arts of sex and murder. Its burning heart melted the eyes of the netchiman's wife and took the egg from her belly with six cutting strokes. The egg-image, however, could see into what it had been before in ancient times, when the earth still cooled, and was not blinded. It joined with the Daedroth and took its former secrets, leaving a few behind to keep the web of the world from disentangling. Then the Black Hands Mephala put the egg back into the netchiman's wife and blew on her with magic breath until the hole closed up. But the Daedroth did not give her back her eyes, saying: 'God hath three keys; of birth, of machines, and of the words between.' Within this Sermon the wise may find one half of these keys. The ending of the words is ALMSIVI."
    },
    {
        "number": 3,
        "contents": "Being blind the netchiman's wife wandered into a cave on her way to the domains of House Indoril. It so happened that this cave was a Dwemeri stronghold. The Dwemer spied the egg and captured the netchiman's wife. They bound her head to foot and brought her deep within the earth. She heard one say, 'Go and make a simulacrum of her and place it back on the surface, for she has something akin to what we have an [sic] so the Velothi will covet it and notice if she is too long away.' In the darkness, the netchiman's wife felt great knives try to cut her open. When the knives did not work, the Dwemer used solid sounds. When those did not work, great heat was brought to bear. Nothing was of any use, and the egg of Vivec remained safe within her. A Dwemer said, 'Nothing is of any use. We must go and misinterpret this.' Vivec felt that his mother was afraid, and so consoled her. 'The fire is mine: let it consume thee, And make a secret door At the altar of Padhome, In the House of Boet-hi-Ah Where we become safe And looked after.' This old prayer made the netchiman's wife smile and begin such a deep sleep that when Dwemeri atronachs returned with cornered spheres and cut her apart she did not awake and died peacefully. Vivec was removed from her womb and placed within a magical glass for further study. To confound his captors, he channeled his essence into love, an emotion the Dwemer knew nothing about. The egg said: 'Love is used not only as a constituent in moods and affairs, but also as the raw material from which relationships produce hour-later exasperations, regrettably fashioned restrictions, riddles laced with affections known only to the loving couple, and looks that linger too long. Love is also an often-used ingredient in some transparent verbal and nonverbal transactions where, eventually, it can sometimes be converted to a variety of true devotions, some of which yield tough, insoluble, and infusible unions. In its basic form, love supplies approximately thirteen draughts of all energy that is derived from relationships. Its role and value in society at large are controversial.' The Dwemer were vexed at these words and tried to hide behind their power symbols. They sent their atronachs to remove the egg-image from their cave and place it within the simulacrum they had made of Vivec's mother. A Dwemer said, 'We Dwemer are only aspirants to this that the Velothi have. They shall be our doom in this and the eight known worlds, NIRN, LHKAN, RKHET, THENDR, KYNRT, AKHAT, MHARA, and JHUNAL.' The secret to doom is within this Sermon. The ending of the words is ALMSIVI."
    },
    {
        "number": 4,
        "contents": "The simulacrum of the netchiman's wife who carried the egg of Vivec within it went back to looking for the lands of the Indoril. Along the journey many more spirits came to see it and offer instructions to its son-daughter, the future glorious invisible warrior-poet of Vvardenfell, Vivec. A troupe of spirits called the Lobbyists for the Coincidence Guild appeared. Vivec understood the challenge immediately and said: 'The popular notion of God kills happenstance.' The head of the Lobbyists, whose name is forgotten, tried to defend the concept's existence. He said, 'Saying something at the same time can be magical.' Vivec knew that to retain his divinity that he must make a strong argument against luck. He said: 'Is not the sudden revelation of corresponding conditions and disparate elements that gel at the moment of the coincidence one of the prerequisites to being, in fact, coincidental? Synchronicity comes out of repeated coincidences at the lowest level. Further examination shows it is the utter power of the sheer number of coincidences that leads one to the idea that synchronicity is guided by something more than chance. Therefore, synchronicity ends up invalidating the concept of the coincidental, even though they are the symptomatic signs that bring it to the surface.' Thus was coincidence destroyed in the land of the Velothi. Then an Old Bone of the earth rose up before the simulacrum of the netchiman's wife and said, 'If you are to be born a ruling king of the world you must confuse it with new words. Set me into pondering.' 'Very well,' Vivec said, 'Let me talk to you of the world, which I share with mystery and love. Who is her capital? Have you taken the scenic route of her cameo? I have-- lightly, in secret, missing candles because they're on the untrue side, and run my hand along the edge of a shadow made from one hundred and three divisions of warmth, and left no proof.' At this the Old Bone folded unto itself twenty times until it became akin to milk, which Vivec drank, becoming a ruling king of the world. Finally the Chancellor of Exactitude appeared, and he was perfect to look upon from every angle. Vivec understood the challenge immediately and said: 'Certitude is for the puzzle-box logicians and girls of white glamour who harbor it on their own time. I am a letter written in uncertainty.' The Chancellor bowed his head and smiled fifty different and perfect ways all at once. He pulled the astrolabe of the universe from his robe and broke it in half, handing both halves to the egg-image of Vivec. Vivec laughed and said, 'Yes, I know. The slave labor of the senses is as selfish as polar ice, and worsens when energies are spent on a life others regard as fortunate. To be a ruling king I will have to suffer much that cannot be suffered, and to weigh matters that no astrolabe or compass can measure.' The ending of the words is ALMSIVI."
    },
    {
        "number": 5,
        "contents": "Finally the simulacrum of the netchiman's wife became unstable. The Dwemer in their haste had built it shoddily and the ashes of Red Mountain slowed its golden tendons. Before long it fell on its knees beside the road to the lands of the Indoril and pitched over, to be discovered eighty days later by a merchant caravan on its way to the capital of Veloth, anon Almalexia. Vivec had not been among his people all the days of his pre-life so he stayed silent and let the Chimer in the caravan think that the simulacrum was broken and empty. A Chimeri warrior, who was protecting the caravan, said, 'Look here how the Dwemer try to fool us as ever, crafting our likenesses out of their flesh-metals. We should take this to the capital and show our mother Ayem. She will want to see this new strategy of our enemies.' But the merchant captain said, 'I doubt that we shall be paid well for the effort. We can make more money if we stop at Noormoc and sell it to the Red Wives of Dagon, who pay well for the wonders made by the Deep Folk.' But another Chimer, who was wise in the ways of prophecy, looked on the simulacrum with disquietude. 'Was I not hired on to help you seek the best of fortunes? I say you should listen to your warrior, then, and take this thing to Ayem, for though manufactured by our enemies there is something in it that will become sacred, or has been already.' The merchant captain took pause then and looked on the simulacrum of the netchiman's wife and, though he heeded always the advice of his seers, could do no more than think of the profits to be made at Noormoc. He though [sic] mainly of the Red Wives' form of recompense, which was four-cornered and good wounded, a belly-magic known nowhere else under the moons. His lust made him deny Ayem his mother. He gave order to change course for Noormoc. Before the caravan could get underway again, the Chimeri warrior who had counseled a passage to the capital threw his money to the merchant captain and said, 'I will pay you thus for the simulacrum and warn you: war is coming with the shaggy men of the north and I will not have my mother Ayem at uneven odds with one enemy while tending to another.' 'Nerevar,' the merchant captain said, 'this is not enough. I am Triune in my own way, but I follow the road of my body and demand more.' Then Vivec could not remain silent anymore and said into Nerevar's head these words: 'You can hear the words, so run away Come, Hortator, unfold into a clear unknown, Stay quiet until you've slept in the yesterday, And say no elegies for the melting stone' So Nerevar slew the merchant captain and took the caravan for his own. The ending of the words is ALMSIVI."
    },
    {
        "number": 6,
        "contents": "You have discovered the sixth Sermon of Vivec, which was hidden in the words that came next to the Hortator. There is an eon within itself that when unraveled becomes the first sentence of the world. Mephala and Azura are the twin gates of tradition and Boethiah is the secret flame. The Sun shall be eaten by lions, which cannot be found yet in Veloth. Six are the vests and garments worn by the suppositions of men. Proceed only with the simplest terms, for all others are enemies and will confuse you. Six are the formulas to heaven by violence, one that you have learned by studying these words. The Father is a machine and the mouth of a machine. His only mystery is an invitation to elaborate further. The Mother is active and clawed like a nix-hound, yet she is the holiest of those that reclaim their days. The Son is myself, Vehk, and I am unto three, six, nine, and the rest that come after, glorious and sympathetic, without borders, utmost in the perfections of this world and the others, sword and symbol, pale like gold. There is a fourth kind of philosophy that uses nothing but disbelief. For by the sword I mean the sensible. For by the word I mean the dead. I am Vehk, your protector and the protector of Red Mountain until the end of days, which are numbered 3333. Below me is the savage, which we needed to remove ourselves from the Altmer. Above me is a challenge, which bathes itself in fire and the essence of a god. Through me you are desired, unlike the prophets that have borne your name before. Six are the walking ways, from enigma to enemy to teacher. Boethiah and Azura are the principles of the universal plot, which is begetting, which is creation, and Mephala makes of it an art form. For by the sword I mean the first night. For by the word I mean the dead. There will be a splendor in your name when it is said to be true. Six are the guardians of Veloth, three before and they are born again, and they will test you until you have the proper tendencies of the hero. There is a world that is sleeping and you must guard against it. For by the sword I mean the dual nature. For by the word I mean animal life. For by the sword I mean preceded by a sigh. For by the word I mean preceded by a wolf. The ending of the words is ALMSIVI."
    },
    {
        "number": 7,
        "contents": "As the caravan of Nerevar now made for the capital of Veloth, anon Almalexia, there came great rumblings from the oblivion. A duke among scamps wandered into the House of Troubles, pausing before each scripture door to pay his respects, until finally he was met by the major domo of Mehrunes Dagon. The Duke of Scamps said, 'I was summoned by Lord Dagon, master of the foul waters and fire, and I have brought the pennants of my seven legions.' The major domo, whose head was a bubble of foul water and fire, bowed low, so that the head of the Duke of Scamps became enclosed in his own. He saw the first pennant, which commanded a legion of grim warriors who could die at least twice. He saw the second pennant, which commanded a legion of winged bulls and the emperor of color that rode upon each. He saw the third pennant, which commanded a legion of inverted gorgons, great snakes whose scales were the faces of men. He saw the fourth pennant, which commanded a legion of double-crossed lovers. He saw the fifth pennant, which commanded a legion of jumping wounds looking to hop onto a victim. He saw the sixth pennant, which commanded a legion of abridged planets. He saw the seventh pennant, which commanded a legion of armored winning moves. To which the major domo said, 'Duke Kh-Utta, your legions while mighty are not enough to destroy Nerevar or the Triune way. Look upon the Hortator and see the wisdom he takes to wife.' And they looked into the middle world and saw: Evaporating in a throng of thunder Of red war and chitin men, Where destines Take him further from our ways The heat that we have wanted And pray they still remember, Where destines Clothe the distance, Glad in the golden east that we saw it now, Instead of the war and repair Of the oblivious fracture A curse on the Hortator And two more on his hands And the Duke of Scamps saw the palms of the Hortator, upon which the egg had written these words of power: GHARTOK PADHOME GHARTOK PADHOME. The ending of the words is ALMSIVI."
    },
    {
        "number": 8,
        "contents": "And presently Nerevar and Vivec were within sight of the capital and the Four Corners of the House of Troubles knew that it was not time to contest them. The caravan musicians made a great song of entrance and the eleven gates of the Mourning Hold were thrown wide. Ayem was accompanied by her husband-state, a flickering image that was channeled to her ever-changing female need. Around her were the Shouts, a guild now forgotten, who carried with them the whims of the people, for the Velothi then were still mostly good at heart. The Shouts were the counselors of Ayem and the country, though they sometimes quarreled and needed Seht to wring them into usefulness. Ayem approached Nerevar, who was by now adorned in the flags of House Indoril. He gifted her with the simulacrum of the netchiman's wife and the egg of Vivec inside. Ayem said to Nerevar, 'Seht who is Azura has revealed that war is come and that the Hortator that shall deliver us will approach with a solution walking at his side.' Nerevar said, 'I have traveled out of my way to warn you of the deceit of our enemies, the Dwemer, but I have learned much on the journey and have changed my mind. This netchiman's wife you see at my side is a sword and a symbol and there is prophecy inside. It tells me that, like it, we must for awhile be like he is and, as a people, cloaked in our former enemies, and to use their machines without shame.' At which Vivec spoke aloud, 'Boethiah-who-is-you wore the skin of Trinimac to cleanse the faults of Veloth, my Queen, and so it should be again. This is the walking way of the glorious.' Seht appeared out of a cloud of iron vapor and his minions made of their blood a chair. He sat beside Ayem and looked on the rebirth of mastery. Vivec said to them, his Triune: 'My rituals and ordeals and all the rhymes within, Use no other motive than the revelation of my skin.' Ayem said, 'AYEM AE SEHTI AE VEHK. We are delivered and made whole, the diamond of the Black Hands is uncovered.' Seht said, 'Wherever so he treads, there is invisible scripture.' To which the Shouts were silent in sudden reading. Vivec then reached out from the egg all his limbs and features, merging with the simulacrum of his mother, gilled and blended in all the arts of the star-wounded East, under water and in fire and in metal and in ash, six times the wise, and he became the union of male and female, the magic hermaphrodite, the martial axiom, the sex-death of language and unique in all the middle world. He said, 'Let us now guide the hands of the Hortator in war and its aftermath. For we go different, and in thunder. This is our destiny.' The ending of the words is ALMSIVI."
    },
    {
        "number": 9,
        "contents": "Then came the war with the northern men, where Vivec did guide the Hortator into swift and tricky union with the Dwemer. The greatest demon chieftains of the frigid west were those listed below, five in unholy number. HOAGA, the Mouth of Mud, who appeared as a great bearded king, had the powers of Marshalling and breathing the earth. On the battlefields, this demon would often be seen on the sidelines, eating the soil voraciously. When his men fell, Hoaga would fill their bodies back with it, whereupon they would rise again and fight, albeit slower. He had a Secret Name, Fenja, and destroyed seventeen Chimeri villages and two Dwemeri strongholds before being turned away. CHEMUA, the Running Hunger, who appeared as a mounted soldier with full helm, had the powers of Heart Roaring and of sky sickening. He ate the Chimeri hero, Dres Khizumet-e, sending the spirit back to the Hortator as an assassin. Sometimes called First Blighter, Chemua could give clouds stomach aches and turn the rain of Veloth into bile. He destroyed six Chimeri villages before he was slain by Vivec and the Hortator. BHAG, the Two-Tongued, who appeared as a great bearded king, had the powers of Surety and Form Change. His raiders were small in number, but ran amok in the west hinterlands, killing many Velothi trappers and scouts. He fell in a great debate with Vivec, for the warrior-poet alone could understand the northern man's two-layered speech, though ALMSIVI had to remain invisible during the argument. BARFOK, Maid of Planes, who appeared as a winged human with lick-encrusted spear, had the powers of Event Denouement. Battles fought against her would always end in victory for Barfok, because she could shape outcomes by singing. Four Chimeri villages and two more Dwemeri strongholds were destroyed by her decision enforcement. Vivec had to stuff her mouth with his milk finger to keep her from singing Veloth into ruin. YSMIR, the Dragon of the North, who always appears as a great bearded king, had powers innumerable and echoing. He was grim and dark and the most silent of the invading chieftains, though when he spoke villages were uplifted and thrown into the sea. The Hortator fought him unarmed, grabbing the Dragon's roars by hand until Ysmir's power throat bled. These roars were given to Vivec to bind into an ebony listening frame, which the warrior-poet placed on Ysmir's face and ears to drive him mad and drive him away. 'The coming forth and the driving away brings all things around. What I shall say next is unpleasant to record: HERMA-MORA-ALTADOON! AE ALTADOON!' The ending of the words is ALMSIVI."
    },
    {
        "number": 10,
        "contents": "You have discovered the tenth Sermon of Vivec, which was hidden in the words that came in the aftermath to the Hortator. The evoker shall raise his left hand empty and open, to indicate he needs no weapons of his own. The coming forth is always hidden, so the evoker is always invisible or, better, in the skin of his enemies. 'The eyelid of the kingdom shall fill thiry [sic] and six folios, but the eye shall read the world.' By this the Hortator needs me to understand. The sword is an impatient signature. Write no contracts on the dead. Vivec says unto the Hortator remember the words of Boet-hi-ah: We pledge ourselves to you, the Frame-maker, the Scarab: a world for us to love you in, a cloak of dirth [sic] to cherish. Betrayed by your ancestors when you were not even looking. Hoary Magnus and his ventured opinions cannot sway the understated, a trick worthy of the always satisfied. A short season of towers, a rundown absolution, and what is this, what is this but fire under your eyelid? Shift ye in your skin, I say to the Trinimac-eaters. Pitch your voices into the color of bruise. Divide ye like your enemies, in Houses, and lay your laws in set sequence from the center, again like the enemy Corners of the House of Troubles, and see yourself thence as timber, or mud-slats, or sheets of resin. Then do not divide, for yet is the stride of SITHISIT quicker than the rush of enemies, and He will sunder the whole for the sake of a shingle. For we go different, and in thunder. SITHISIT is the start of all true Houses, built against statis [sic] and lazy slaves. Turn from your predilections, broken like false maps. Move and move like this. Quicken against false fathers, mothers left in corners weeping for glass and rain. Stasis asks merely for nothing, for itself, which is nothing, as you were in the eight everlasting imperfections. Vivec says unto the Hortator remember the words of Vivec. UNDERSTAND THAT SITHISIT STILL TRAVELS Vivec says unto the Hortator remember the words of Vivec. IN A PHOSPHORESCENT MIRROR OF THE SKY Vivec says unto the Hortator remember the words of Vivec. DROWNED AND SMILING Vivec says unto the Hortator remember the words of Vivec. INTERMITTENT HOPES ENOUGH Vivec says unto the Hortator remember the words of Vivec. TO ANSWER ALL THE THINGS Vivec says unto the Hortator remember the words of Vivec. NOT YET QUERIED The ending of the words is ALMSIVI."
    },
    {
        "number": 11,
        "contents": "These were the days of Resdaynia, when Chimer and Dwemer lived under the wise and benevolent rule of the AMLSIVI and their champion the Hortator. When the gods of Veloth would retreat unto their own, to mold the cosmos and other matters, the Hortator would at times become confused. Vivec would always be there to advise him, and this is the first of the three lessons of ruling kings: 'The waking world is the amnesia of dream. All motifs can be mortally wounded. Once slain, themes turn into the structure of future nostalgia. Do not abuse your powers or they will lead you astray. They will leave you like rebellious daughters. They will lose their virtue. They will become lost and resentful and finally become pregnant with the seed of folly. Soon you will be the grandparent of a broken state. You will be mocked. It will fall apart like a stone that recalls that it is really water. 'Keep nothing in your house that is neither needed or beautiful.' Ordeals you should face unimpeded by the world of restriction. The splendor of stars is Ayem's domain. The selfishness of the sea is Seht's. I rule the middle air. All else is earth and under your temporal command. There is no bone that cannot be broken, except for the heart bone. You will see it twice in your lifetimes. Take what you can the first time and let us do the rest.'  'There is no true symbolism of the center. The Sharmat will believe there is. He will feel that he can cause years of exuberance from sitting in the sacred', when really no one can leave that state and cause anything more but strife. 'There is once more the case of the symbolic and barren. The true prince that is cursed and demonized will be adored at last with full hearts. According to the Codes of Mephala there can be no official art, only fixation points of complexity that will erase from the awe of the people given enough time. This is a secret that hides another. An impersonal survival is not the way of the ruling king. Embrace the art of the people and marry it and by that I mean secretly have it murdered. 'The ruling king that sees in another his equivalent rules nothing.' The secret of weapons is this: they are the mercy seat. 'The secret of language is this: it is immobile. 'The ruling king is armored head to toe in brilliant flame. He is redeemed by each act he undertakes. His death is only a diagram back to the waking world. He sleeps the second way. The Sharmat is his double, and therefore you wonder if you rule nothing. 'Hortator and Sharmat, one and one, eleven, an inelegant number. Which of the ones is the more important? Could you ever tell if they switched places? I can and that is why you will need me. 'According to the Codes of Mephala, there is no difference between the theorist and the terrorist. Even the most cherished desire disappears in their hands. This is why Mephala has black hands. Bring both of yours to every argument. The one-handed king finds no remedy. When you approach God, however, cut both of them off. God has no need of theory and he is armored head to toe in terror.' The ending of the words is ALMSIVI."
    },
    {
        "number": 12,
        "contents": "As the Hortator pondered the first lesson of ruling kings, Vivec wandered into the Mourning Hold and found that Ayem was with a pair of lovers. Seht had divided himself again. Vivec then leapt through into their likenesses to observe, but he gained no secrets that he did not already know. He left a few of his own behind to make the journey worthwhile. Then Vivec left the capital of Veloth and wandered far into the ash. He found a span of badlands to practice his giant-form. He made of his feet a less dense material than the divine to keep from falling waist-deep into the earth. At this point the First Corner of the House of Troubles, the Prince Molag Bal, made his presence known. Vivec looked on the King of Rape and said: 'How very beautiful you are, that you do not join us.' And Molag Bal crushed the warrior-poet's feet, which were not invulnerable, and had legions cleave them off. Mighty fires from the Beginning Place were brought like nets to hold Vivec and he let them. 'I would prefer,' he said, 'some kind of ceremony if we are to be married.' And the legions that took the feet were summoned again and ordered to begin a banquet. Pomegranates sprang from the badlands and tents were raised. A throng of Velothi mystics came, reading the passages of the severed feet on the ground and weeping until the scriptures were wet. 'We must love each other briefly,' Vivec said, 'if at all. I am needed to counsel the Hortator in more important matters because the Dwemeri high priests stir up trouble. You may have my head for an hour.' Molag Bal rose up and extended six arms to show his worth. They were decorated in runes of seduction and its reverse. They were decorated in the annotated calendars of longer worlds. When he spoke, mating monsters fell out. 'Where must it go?' he said. 'I told you,' Vivec said, 'I am meant to be the teacher of the king of the earth. AE ALTADOON GHARTOK PADHOME.' With these magic words, the King of Rape added another: 'CHIM,' which is the secret syllable of royalty. Vivec had what he needed from the Daedroth and so married him that day. In the hour that Bal had his head, the King of Rape asked for proof of love. Vivec spoke two poems to show him such, but only the first is known. I'm not sure just how much glass it took to make your hair Twice as much, I am sure, as the oceans have to share Hell, my sweet, is a fiction written by those who tell the truth My mouth is skilled at lying and its alibi a tooth The sons and daughters of Vivec and Molag Bal number in the thousands. The name of the mightiest is a string of power: GULGA MOR JIL HYAET AE HOOM. The ending of the words is ALMSIVI."
    },
    {
        "number": 13,
        "contents": "These were the days of Resdaynia, when Chimer and Dwemer lived under the wise and benevolent rule of the AMLSIVI and their champion the Hortator. When the gods of Veloth would retreat unto their own, to mold the cosmos and other matters, the Hortator would at times become confused. Vivec would always be there to advise him, and this is the second of the three lessons of ruling kings: 'The secret syllable of royalty is this: (You must learn this elsewhere.) 'The temporal myth is man. 'The magical cross is an integration of the worth of mortals at the expense of their spirits. Surround it with the triangle and you begin to see the Triune house. It becomes divided into corners, which are ruled by our brethren, the Four Corners: BAL DAGON MALAC SHEOG. Rotate the triangle and you pierce the heart of the Beginning Place, the foul lie, the testament of the irrefutable-for-a-span. Above them all is the horizon where only one stands, though no one stands there yet. It is proof of the new. It is the promise of the wise. Unfold the whole and what you have is a star, which is not my domain, but not entirely outside my judgment. The grand design takes flight; it is transformed not only into a star but a hornet. The center cannot hold. It becomes devoid of lines and points. It becomes devoid of anything and so becomes a receptacle. This is its usefulness at the end. This is its promise. 'The sword is the cross and ALMSIVI is the Triune house around it. If there is to be an end I must be removed. The ruling king must know this, and I will test him. I will murder him time and again until he knows this. I am the defender of the last and the last. To remove me is to refill the heart that lay dormant at the center that cannot hold. I am the sword, Ayem the star, Seht the mechanism that allows the transformation of the world. Ours is the duty to keep the compromise from being filled with black sea. 'The Sharmat sleeps at the center. He cannot bear to see it removed, the world of reference. This is the folly of the false dreamer. This is the amnesia of dream, or its power, or its circumvention. This is the weaker magic and it is barbed in venom. 'This is why I say the secret to swords is the mercy seat. It is my throne. I am become the voice of ALMSIVI. The world will know me more than my sister and brother. I am the psychopomp. I am the killer of the weeds of Veloth. Veloth is the center that cannot hold. Ayem is the plot. Seht is the ending. I am the enigma that must be removed. These are why my words are armed to the teeth. 'The ruling king is to stand against me and then before me. He is to learn from my punishment. I will mark him to know. He is to come as male or female. I am the form he must acquire. 'Because a ruling king that sees in another his equivalent rules nothing.' This is what was said to the Hortator when Vivec was not whole. The ending of the words is ALMSIVI."
    },
    {
        "number": 14,
        "contents": "Vivec lay with Molag Bal for eighty days and eight, though headless. In that time, the Prince placed the warrior-poet's feet back and filled them with the blood of Daedra. In this way Vivec's giant-form remained forever harmless to good earth. The Pomegranate Banquet brought many spirits back from the dead so that the sons and daughters of the union had much to eat besides fruit. The Duke of Scamps came while the banquet was still underway, and Molag Bal looked on the seven pennants with anger. The King of Rape had become necessary and therefore troubled for the rest of time. His legions and Kh-Utta's fell into open war, but the children of Molag Bal and Vivec were too elaborate in power and form. The Duke of Scamps therefore became a lesser thing, as did all his own children. Molag Bal said to them: 'You are the sons of liars, dogs, and wolf-headed women.' They have been useless to summon ever since. The holy one returned at last, Vehk, golden with wisdom. His head found its body had been tenderly used. He mentioned this to Molag Bal, who told him that he should thank the Barons of Move Like This, 'For I have yet to learn how to refine my rapture. My love is accidentally shaped like a spear.' So Vivec, who had a grain of Ayem's mercy, set about to teach Molag Bal in the ways of belly-magic. They took their spears out and compared them. Vivec bit new words onto the King of Rape's so that it might give more than ruin to the uninitiated. This has since become a forbidden ritual, though people still practice it in secret. Here is why: The Velothi and demons and monsters that were watching all took out their own spears. There was much biting and the earth became wet. And this was the last laugh of Molag Bal: 'Watch as the earth shall crack, heavy with so much power, that should have been forever unalike!' Then that stretch of badlands that had been the site of the marriage fragmented and threw fire. And a race that is no more but that was terrible at the time to behold came forth. Born of the biters, that is all they did, and they ran amok across the lands of Veloth and even to the shores of Red Mountain. But Vivec made of his spear a more terrible thing, from a secret he had bitten off from the King of Rape. And so he sent Molag Bal tumbling into the crack of the biters and swore forever that he would not deem the King beautiful ever again. Vivec wept as he slew all those around him with his terrible new spear. He named it MUATRA, which is Milk Taker, and even the Chimeri mystics knew his fury. Anyone struck by Vivec at this time turned barren and withered into bone shapes. The path of bones became a sentence for the stars to read, and the heavens have never known children since. Vivec hunted down the biters one by one, and all their progeny, and he killed them all by means of the Nine Apertures, and the wise still hide theirs from Muatra. The ending of the words is ALMSIVI."
    },
    {
        "number": 15,
        "contents": "These were the days of Resdaynia, when Chimer and Dwemer lived under the wise and benevolent rule of the AMLSIVI and their champion the Hortator. When the gods of Veloth would retreat unto their own, to mold the cosmos and other matters, the Hortator would at times become confused. Vivec would always be there to advise him, and this is the third of the three lessons of ruling kings: 'The ruling king will remove me, his maker. This is the way of all children. His greatest enemy is the Sharmat, who is the false dreamer. You or he is the shingle, Hortator. Beware the wrong walking path. Beware the crime of benevolence. Behold him by his words.' I AM THE SHARMAT I AM OLDER THAN MUSIC WHAT I BRING IS LIGHT WHAT I BRING IS A STAR WHAT I BRING IS AN ANCIENT SEA WHEN YOU SLEEP YOU SEE ME DANCING AT THE CORE IT IS NOT A BLIGHT IT IS MY HOUSE I PUT A STAR INTO THE WORLD'S MOUTH TO MURDER IT TEAR DOWN THE PYLONS MY BLIND FISH SWIM IN THE NEW PHLOGISTON TEAR DOWN THE PYLONS MY DEAF MOONS SING AND BURN AND ORBIT ME I AM OLDER THAN MUSIC WHAT I BRING IS LIGHT WHAT I BRING IS A STAR WHAT I BRING IS AN ANCIENT SEA 'You alone, though you come again and again, can unmake him. Whether I allow it is within my wisdom. Go unarmed into his den with these words of power: AE GHARTOK PADHOME [CHIM] AE ALTADOON. Or do not. The temporal myth is man. Reach heaven by violence. This magic I give to you: the world you will rule is only an intermittent hope and you must be the letter written in uncertainty.' The ending of the words is ALMSIVI."
    },
    {
        "number": 16,
        "contents": "The Hortator wandered through the Mourning Hold, wrestling with the lessons he had learned. They were slippery in his mind. He could not always keep the words straight and knew that this was a danger. He wandered to find Vivec, his lord and master, the glory of the image of Veloth, and found him of all places in the Temple of False Thinking. There, clockwork shears were taking off Vivec's hair. A beggar king had brought his loom and was making of the hair an incomplete map of adulthood and death. Nerevar said, 'Why are you doing this, milord?' Vivec said, 'To make room for the fire.' And the Hortator could see that Vivec was out of sorts, though not because of the impending new power to come. The golden warrior-poet had been exercising his Water Face as well, learned from the dreughs before he was born. Nerevar said, 'Is this to keep you from the fire?' Vivec said, 'It is so that I may see with truth. It, and my place here at the altar of Padhome in the house of False Thinking, serve so that I may see beyond my own secrets. The Water Face cannot lie. It comes from the ocean, which is too busy to think, much less lie. Moving water resembles truth by its trembling.' Nerevar said, 'I am afraid to become slipshod in my thinking.' Vivec said, 'Reach heaven by violence then.' So to quiet his mind the Hortator chose from the Fight Racks an axe. He named it and moved on to the first moon. There, Nerevar was greeted by the Parliament of Craters, who knew him by title and resented his presence, for he was to be a ruling king of earth and this was the lunar realm. They shifted around him in a pattern of entrapment. 'The moon does not recognize crowns or scepters,' they said, 'nor the representatives of kingdoms below, lion or serpent or mathematician. We are the graves of those that have migrated and become ancient countries. We seek no Queens or thrones. Your appearance is decidedly solar, which is to say a library of stolen ideas. We are neither tear nor sorrow. Our revolution succeeded in the manner that is was written. You are the Hortator and unwelcome here.' And so Nerevar carved at the grave ghosts until he was out of breath and their Parliament could make no new laws. He said, 'I am not of the slaves that perish.' Of the members of Parliament only a few survived the Hortator's attack. A surviving Crater said, 'Appropriation is nothing new. Everything happens of itself. This motif is by no means unassociated with hero myths. You have not acted with the creative impulse; you fall below the weight of destiny. We are graves but not coffins. Know the difference. You have only dug more and supplied no ghosts to reside within. Central to your claim is the predominance of frail events. To be judged by the earth is to sit on a throne of wonder why. Damage us more and you will find naught but the absence of our dead.' The ending of the words is ALMSIVI."
    },
    {
        "number": 17,
        "contents": "'I am an atlas of smoke.' With this, Vivec become greater than he had been. These were the days of Resdaynia, when Chimer and Dwemer lived under the wise and benevolent rule of the AMLSIVI and their champion the Hortator. 'Seek me without effort for I take many shapes.' The Hortator was still trying to subdue the heavens with an axe. He was thrown out of the library of the sun by the power of Magnus. Vivec found him in a grub field outside of the swamps of the Deshaan Plain. They walked for a span in silence, for Nerevar had been humbled and Vivec still had mercy in his hand. Soon they were walking across the eastern sea to the land of snakes and snow demons. Vivec wanted to show the Hortator the fighting styles of foreign tongues. They learned the idiom stroke from the pillow book of the Tsaesci king. It is shaped like the insight of this page. The Tsaesci serpents vowed to have their vengeance on the west at least three times. They walked farther and saw the spiked waters at the edge of the map. Here the spirit of limitation gifted them with a spoke and bade them find the rest of the wheel. The Hortator said, 'The edge of the world is made of swords.' Vivec corrected him. 'They are the bottom row of the world's teeth.' They walked to the north to the Elder Wood and found nothing but frozen bearded kings. They came to the west where the black men dwelt. For a year they studied under their sword saints and then for another Vivec taught them the virtue of the little reward. Vivec chose a king for a wife and made another race of monsters which ended up destroying the west completely. To a warrior chief Vivec said: 'We must not act and speak as if asleep.' Nerevar wondered if there was anything to learn in the south but Vivec remained silent and only led them back to Red Mountain. 'Here,' Vivec said, 'is the last of the last. Within it the Sharmat waits.' But they both knew that the time was not ready to contest the Sharmat and so they engaged in combat with each other. Vivec marked the Hortator in this way for all of the Velothi to see. He sealed the wound with the blessing of Ayem-Azura. At the end of the battle, the Hortator found that he had gathered seven more spokes. He attempted to attach them and form a staff but Vivec would not let him, saying, 'It is not the time for that.' Nerevar said, 'Where did I find these?' Vivec said that they had collected them from around the world, though some had come invisibly. 'I am the wheel,' he said, and took that shape. Before the emptiness at the center could live too long, Nerevar put in the spokes. The ending of the words is ALMSIVI."
    },
    {
        "number": 18,
        "contents": "Now Vivec felt that he had taught the Hortator as much as he could before the war with the Dwemer came. The warrior-poet decided he had to begin his Book of Hours at that point, because the world was about to bend with its age. Vivec entered the Mourning Hold and announced to Ayem that he was going to fight nine monsters that had escaped the Muatra. 'I will return,' he said, 'to deal the last blow to the grand architect of the Dwemer.' Ayem said, 'Out of nine you will find only eight, though they be mighty. The last is already destroyed by your decision to create the Book of Hours.' Vivec understood that Ayem meant himself. 'Why,' she asked, 'are you in doubt?' Vivec knew that his doubt made him the sword of the Triune and so he did not feel shame or fear. Instead, he explained and these are the words: 'Can a member of the Invisible Gate become so archaic that its successor is not so much an improvement of the exact model, but rather a related model that is just needed more because of the currency of the world's condition? As the Mother, you do not have to worry, unless things in the future are so strange that even Seht cannot understand. Neither does the Executioner or the Fool, but I am neither. 'These ideals are not going to change in nature, even though they may change in representation. But, even in the west, the Rainmaker vanishes. No one needs him anymore. 'Can one oust the model not because the model is set according to an ideal but because it is tied to an ever-changing unconscious mortal agenda?' This is what was said to Ayem when Vivec was whole. The wise shall not mistake this. Ayem said, 'This is why you were born of a netchiman's wife and destined to merge with the simulacrum of your mother, gilled and blended in all the arts of the star-wounded East, under water and in fire and in metal and in ash, six times the wise, to became the union of male and female, the magic hermaphrodite, the martial axiom, the sex-death of language and unique in all the middle world.' Vivec knew then why he would record his Book of Hours. This sermon is forbidden. In this world and others EIGHTEEN less one (the victor) is the magical disk, hurled to reach heaven by violence. This sermon is untrue. The ending of the world is ALMSIVI."
    },
    {
        "number": 19,
        "contents": "Vivec put on his armor and stepped into a non-spatial space filling to capacity with mortal interaction and information, a canvas-less cartography of every single mind it has ever known, an event that had developed some semblance of a divine spark. He said, 'From here I shall launch my attack on the eight monsters.' Vivec then saw the moths that would come from the starry heart, bringing with them dust more horrible than the ash of Red Mountain. He saw the twin head of a ruling king who had no equivalent. And eight imperfections rubbed into precious stones, set into a crown that looked like shackles, which he understood to be the twin crowns of the two-headed king. And a river that fed into the mouth of the two-headed king, because he contained multitudes. Vivec then built the Provisional House at the Center of the Secret Door. From here he could watch the age to come. Of the House is written: Cornerstone one has a finger Buried under, pointing through Dirt, slow low in the ground North cannot be guessed, And yet it is spirit-free Cornerstone two has a tongue, And even dust can be talkative, Listen and you will see the love The ancient libraries need Cornerstone three has a bit of string, Shaped like your favorite color, A girl remembers who left it there But she is afraid to dig it out, And see what it is attached to Cornerstone four has nine bones, Removed carefully from a black cat, Arranged in the fashion of this word, Protecting us from our enemies Your house is safe now So why is it-- Your house is safe now So why is it-- The ending of the words is ALMSIVI."
    },
    {
        "number": 20,
        "contents": "The first monster was actually two, having been born twice like his mother-father, Vivec. He was not the mightiest of the eight to escape Muatra, but his actions were the most worrisome. He was known as Moon Axle, and he harvested the leftovers foibles of nature. This he did twice, as was said, and the second harvest always brought ruin or unwritten law. His aspect was faceted like a polyhedron. No perils are mentioned in the finding of Moon Axle, but it was known that he was immune to spears, so Vivec had to use the sword not held against him. Before he took issue with the monster, the warrior-poet asked: 'How came you to be immune to spears?' To which Moon Axle replied, 'Mine is a dual nature, and protean. I am in fact made of many straight lines, though none last too long. In this way I have learned to ignore all true segments.' Luckily, the sword not held was curved and therefore could cut into Moon Axle, and before the sun was up he was bleeding from many wounds. Vivec did not slay him outright for to do so would to [sic] keep the foibles of nature within him and not back where they belonged. Soon Vivec had traced geography right again, and Moon Axle was ready to be slain. Vivec rose up in his giant-form, to be terrible to look upon. He reached into the west and pulled out a canyon, holding it like a horn. He reached east and ate a handful of nix hounds. Blowing their spirits through the canyon made a terrible wail, not unlike an unsolved woman. He said: 'Let this overtake you,' and Moon Axle was overtaken by the curvatures of stolen souls. They wrapped about the monster like resin, until finally he could not move, nor could his dual nature. Vivec said, 'Now you are solved,' and pierced his child with Muatra. Moon Axle had been reduced to something static, and therefore shattered. The lines of Moon Axle were collected by Velothi philosophers and taken into caves. There, and for a year, Vivec taught the philosophers how to turn the lines of his son into the spokes of mystery wheels. This was the birth of the first Whirling School. Before, there had only been the surface thought of fire. Vivec looked at his first wheeling students and observed: 'Alike the egg-layered universe is this morbid possession of three-distant coverage, soul-wrecked and alive, like my name is alive. In this cloister you have discovered one walking path, hilled like a sword but more coarsened. So edged it is that it has to be whispered to keep the tongue from bleeding, where its signs evacuate their former meanings, like empires that tarry too long. 'The sword is estrangement from statesmanship. 'Look on the estimable lines of my son, now crafted star-wise, his every limb equidistant from the center. Is he solved because I will it so? There cannot be a second stage. Think on the theory that my existence promulgates the five elements and alike the egg-layered universe I am cause for great density. Here is a thought that can break the wagon's axle; here is another that can soar.' The ending of the words is ALMSIVI."
    },
    {
        "number": 21,
        "contents": "The Scripture of the Wheel, First: 'The Spokes are the eight components of chaos, as yet solidified by the law of time: static change, if you will, something the lizard gods refer to as the Striking. That is the reptile wheel, coiled potential, ever-preamble to the never-action.' Second: 'They are the lent bones of the Aedra, the Eight gift-limbs to SITHISIT, the wet earth of the new star our home. Outside them is the Aurbis, and not within. Like most things inexplicable, it is a circle. Circles are confused serpents, striking and striking and never given leave to bite. The Aedra would have you believe different, but they were givers before liars. Lies have turned them into biters. Their teeth are the proselytizers; to convert is to place oneself in the mouth of falsehood; even to propitiate is to be swallowed.' Third: 'The enlightened are those uneaten by the world.' Fourth: 'The spaces between the gift-limbs number sixteen, the signal shapes of the Demon Princedoms. It is the key and the lock, series and manticore.' Fifth: 'Look at the majesty sideways and all you see is the Tower, which our ancestors made idols from. Look at its center and all you see is the begotten hole, second serpent, womb-ready for the Right Reaching, exact and without enchantment.' Sixth: 'The heart of the second serpent holds the secret triangular gate.' Seventh: 'Look at the secret triangular gate sideways and you see the secret Tower.' Eighth: 'The secret Tower within the Tower is the shape of the only name of God, I.' The ending of the words is ALMSIVI."
    },
    {
        "number": 22,
        "contents": "Then Vivec left the first Whirling School and went back to the space that was not a space. From the Provisional House he looked into the middle world to find the second monster, which was called the Treasure Wood Sword. Within years of the Pomegranate Banquet, it had become a lessoning tune to the lower Velothi houses. They preached of its power: 'The Treasure Wood Sword, splinter scintilla of the high and glorious! He who wields it becomes self-known!' The warrior-poet appeared as a visitation in the ancestor alcove of House Mora, whose rose-worn prince of garlands was a hero against the northern demons. Vivec congregated with the bones. He said: 'A scavenger cannot acquire a silk sash and expect to discover the greater systems of its predecessor: perfect happiness is embraced only by the weeping. Give me back (and do so freely) what is barren of my marriage and I will not erase you from the thought realm of God. Your line has a notable enchantress that my sister Ayem is fond of and from her murky wisdom alone do I condescend to ask.' A bone-walker emerged from a wall. It had three precious stones set in its lower jaw, a magical practice of old. One was opal, the color of opal. The bone-walker bowed to the prince of the middle air and said: 'The Treasure Wood Sword will not leave our house. Bargains were made with the Black Hands Mephala, the greater shade.' Vivec kissed the first precious stone and said: 'Animal picture, rude-walker, go back to the lamp that stays lit in water and store no more messages of useless noise. Down.' He kissed the second precious stone and said: 'Proud residue, soon dispersed, serve no guarantees made in my fore-image and demand nothing of its under-skin. I am master evermore. Down.' He kissed the opal and said: 'Down I take thee.' And then Vivec withdrew into the hidden places and found the darkest mothers of the Morag Tong, taking them all to wife and filling them with undusted loyalty that tasted of summer salt. They became as black queens, screaming live with a hundred murderous sons, a thousand murderous arms, and a hundred thousand murderous hands, one vast moving event of thrusting-kill-laughter in alleys, palaces, workshops, cities and secret halls. Their movements among the holdings of the Ra'athim were as rippled endings, heaving between times, with all fates leading to swallowed knives, murder as moaning, God's holy rape-erasure of wet death. The King of Assassins presented to Vivec the Treasure Wood Sword. 'Milord,' the King of Assassins said. 'The prince of House Mora is now fond of you, as well. I placed him in the Corner of Dagon. His eyes I set into a fire prayer for the wicked. His mouth I stuffed with birds.' The ending of the words is ALMSIVI."
    },
    {
        "number": 23,
        "contents": "The Scripture of the Sword, First: 'The sword, treated as a delicate meal, is the Symbolic Collage. It serves you well in the first half of life. Name one dynasty that knows this not.' Second: 'The unity of my approach is understood by the immobile warrior. True eyes are acquired. Rejoice as my own subjects and realms. I build for you a city of swords, by which I mean laws that cut the people who live there into better shapes.' Third: 'Girls burn their dresses on my arrival if I am armored. They crawl to me as bled pilgrims. Minor spirits die without trace. Follow me of all the ALMSIVI if you are to mark your days with killing. AE ALTADOON, the third law of weaponry.' Fourth: 'The immobile warrior is never fatigued. He cuts sleep holes in the middle of a battle to regain his strength.' Fifth: 'Instinct is not reflex action, but mini-miracles held in reserve. I am the welfare that decides which warrior will emerge. Beg not for luck. Serve me to win.' Sixth: 'The span of the apparently inactivated is your love of the absolute. The birth of God from the netchiman's wife is the abortion of kindness from love.' Seventh: 'The true sword is able to cut chains of generations, which is to say, the creation myths of your enemies. Look on me as the exiled garden. All else is uncut weed.' Eighth: 'I give you an ancient road tempered by the second walking way. Your hands must be huge to wield any sword the size of an ancient road, and yet he who is of right stature may irritate the sun with only a stick.' The ending of the words is ALMSIVI."
    },
    {
        "number": 24,
        "contents": "Then Vivec left the house of assassins and went back to the space that was not a space. From the Provisional House he looked into the middle world to find the third monster, called Horde Mountain. It was made of modular warriors running free but spaced according to pattern, and from the highest warrior who could cut clouds they spread out beneath him like a tree, a skirt whose bottom circle was an army that ran through the ash. Vivec admired the cone-shape of his child and remembered with joy the whirlwind of fighting styles that instructed him during the days before life. Vivec moved into Veloth, saying, 'Onus.' But before he could even get within sword-span of the monster, a trio of lower houses had trapped Horde Mountain in a net of doubtful doctrine. When they saw their lord, the Velothi cheered. 'We are happy to serve you and win!' they said. Vivec smiled at those brave souls around him and summoned celebration demons to cleave unto the victors. There was a great display of love and duty around the netted monster, and Vivec was at the center with a headdress made of mating bones. He laughed and told mystical jokes and made the heads of the three houses marry and become a new order. 'You shall forever be now my Buoyant Armigers,' he said. Then Vivec pierced Horde Mountain with Muatra and made of it all a big bag of bones. At the touch of his right hand the net became right scripture and he threw it all northeasterly. The contents spread out like sugar-glows and Vivec and the Buoyant Armigers ran under it laughing. Finally the bones of Horde Mountain landed and became the foundation stones for the City of Swords, which Vivec named after his own sigil, and the net fell across it all and between, or became as bridges between bones, and since its segments had been touched by his holy wisdom they became the most perfect of all city streets in the known worlds. Throngs of Velothi came to the new city and Ayem and Seht gave it their blessing. The streets were filled with laughter and love and the strength of tree-shaped enemy children. Ayem said: 'To my sister-brother's city I give the holy protection of House Indoril, whose powers and thrones know no equal under heaven, wherefrom came the Hortator.' Seht said: 'To my sister-brother's city I give safe passage through the dark corners still left of Molag Bal, and I give it this spell as well: SO-T-HA SIL, which is my name to the mighty. It will protect the lost unless their flight is on purpose and fill all the roads and alleys with the mystery paths of civilization, and give the city a mind and make of it a conduit to the full concentrate of the ALMSIVI.' Thus was founded the city of Vivec in the days of Resdaynia. The ending of the words is ALMSIVI."
    },
    {
        "number": 25,
        "contents": "The Scripture of the City: 'All cities are born of solid light. Such is my city, his city. 'But then the light subsides, revealing the bright and terrible angel of Veloth. He is in his pre-chimerical form, demonic VEHK, gaunt and pale and beautiful, skin stretched painfully thin on bird's bones, feathered serpents encircling his arms. His wings are spread out behind him, their red and yellow ends like razors in the sun. The wispy mass of his fire hair floats as if underwater, milky in the nimbus of light that crowns his head. His presence is undeniable, the awe too much to bear. 'This is God's city, different from others. Cities from foreign countries put their denizens to sleep and walk to the star-wounded East to pay homage to me. The capital of the northern men, crusty with eon's ice, bows before Vivec the city, me it together. 'Self-thought streets rush through tunnel blood. I have rebuilt myself. Hyper eyed signposts along my traffic arm, soon to be an inner sea. My body is crawling with all gathered to see me rising up like a monolithic instrument of pleasure. My spine is the main road to the city that I am. Countless transactions are taking place in veins and catwalks and the roaming, roaming, roaming, as they roam over and through and add to me. There are temples erected along the hollow of my skull and I will ever wear them as a crown. Walk across the lips of God. 'They add new doors to me and I become effortlessly trans-immortal with the comings and goings and the stride-heat of the market where I am traded for, yell of the children hear them play, scoffed at, amused, desired, paid for in native coin, new minted with my face on one side and my city-body on the other. I stare with each new window. Soon I am a million-eyed insect dreaming. 'Red-sparking war trumpets sound like cattle in the ribcage of shuffling transit. The heretics are destroyed on the plaza knees. I flood over into the hills, houses rising like a rash, and I never scratch. Cities are the antidotes to hunting. 'I raise lanterns to light my hollows, lend wax to the thousands the candlesticks that bear my name again and again, the name innumerable, shutting in, mantra and priest, god-city, filling every corner with the naming name, wheeled, circling, running river language giggling with footfalls mating, selling, stealing, searching, and worry not ye who walk with me. This is the flowering scheme of the Aurbis. This is the promise of the PSJJJ: egg, image, man, god, city, state. I serve and am served. I am made of wire and string and mortar and I accede my own precedent, world without am.' The ending of the words is ALMSIVI."
    },
    {
        "number": 26,
        "contents": "Then Vivec left his architectural rapture and went back to the space that was not a space. From the Provisional House he looked into the middle world to find the fourth monster, called The Pocket Cabal. The monster hid itself in the spell-lists of the great Chimeri wizards of the extreme east, where the Emperor Parasols grow wild. Vivec disguised himself as a simple traveler, but radiated a tenuous sense-fabric so that the wizards would seek him out. Of Muatra he made a simple walking dwarf. Before long the invisible one was among the libraries of the east, feeding the essential words of The Pocket Cabal to his walking dwarf and then running when the magic would fail. After a year or two of this thievery, Muatra was sick to its stomach, and the walking dwarf exploded near the slave pens of a wizard's tower. The Pocket Cabal then slipped itself into the mouths of the slaves and hid again. Vivec then watched as the slaves erupted into babble and breaking magic. They rattled their cages and sung out half-hymns that formed into forbidden and arcane knowledge. Litany fiends appeared and drank from the excess. Grabbers from the Adjacent Place came into the world sideways, the slave talking having disrupted the normal non-cardinal points. So of course a giant bug appeared, with the greatest eastern wizard inside it. He could see past Vivec's disguise and knew of the warrior-poet's divinity but he thought himself so powerful that he talked harshly: 'See what you have wrought, silly Triune! Columns of nonsense and litany fiends! I cannot believe how reason or temperance can be made whole again due to your eating, eating, eating! Consort with more demons, why don't you?' Vivec stabbed the wizard through his soul. The giant bug harness fell on the slave cages and the slaves ran about free and reckless, too reckless more with pregnant words. Colors bent into the earth. Vivec created a dome-head demon to contain it all. 'The Pocket Cabal is therefore interred here forever. Let this be a cursed land where sorcery is broken and maligned.' Then he picked up Muatra by the beard and left the ghostly hemisphere of the dome-head demon. On its boundaries, Vivec placed a warning and a song of entrance that contained errors in it. With mock bones of half-dead Muatra he created the tent poles of a fortress-theory and fatal languages were imprisoned for all time. Seht appeared and looked on what his brother-sister had created. The Clockwork King said: 'Of the eight monsters, this is the most confusing. May I treasure it?' Vivec gave Seht leave to do so, but told him never to release The Pocket Cabal into the middle world. He said: 'I have hidden secrets in my travels here and made a likeness of Muatra to ward against the unwise. Under this dome, the temporal myth is no longer man.' The ending of the words is ALMSIVI."
    },
    {
        "number": 27,
        "contents": "The Scripture of the Word, First: 'All language is based on meat. Do not let the sophists fool you.' Second: 'The third walking path explores hysteria without fear. The efforts of madmen are a society of itself, but only if they are written. The wise may substitute one law for another, even into incoherence, and still say he is working within a method. This is true of speech and extends to all scripture.' Third: 'Do not go to the realm of apology for absolution. Beyond articulation, there is no fault. The Adjacent Place, where the Grabbers live, is the illusion of the vocal or the middle realms of thought, by which I mean the constructed. This is how I stole the certainty of the Chancellor of Exactitude, perfect to look upon from every angle. When you come out of the vocal, you can never be certain.' Fourth: 'The truest body of work is made up of silence: as in the silence that results from no reference. By the word I mean the dead.' Fifth: 'The first meaning is always hidden.' Sixth: 'The realm of apology is perfection and impossible to attack. Thus, the wise avoid it. Trinity in unity is the world and word of action: the third walking path.' Seventh: 'The sage who suppresses his best aphorism: cut off his hands, for he is a thief.' Eighth: 'The clothes of the broken map are worn only by fools and heretics. The map is an exit for laziness. It is the dusty tongue, which is to say the given chart that most take as a story that is complete. No word is true until it is eaten.' The ending of the words is ALMSIVI."
    },
    {
        "number": 28,
        "contents": "Then Vivec left Seht to look after the dome-head demon and went back to the space that was not a space. From the Provisional House he looked into the middle world to find the fifth monster, called The Ruddy Man. When the dreughs ruled the world, the Daedroth Prince Molag Bal had been their chief. He took a different shape then, spiny and armored and made for the sea. Vivec, in giving birth to the many spawn of his marriage, had dropped an old image of Molag Bal into the world: a dead carapace of memory. It would not have been a monster if a Velothi child had not wanted to impress his village by wearing it. The Ruddy Man, of the eight monsters, was the least complicated. He made those who wore him into mighty killers and nothing more. He existed in the physical. Only geography makes him special. When Vivec found him near the boy's village, anon Gnisis, there was a violent clash of arms and an upheaval of the earth. Their battle created the West Gash. Wanderers that still go there hear still the sounds of it: sword across the crust, the grunt of God, the snapping of his monster child's splintered legs. After his victory, Vivec took the shell of The Ruddy Man to the dreughs that had modified his mother. The Queen of Dreughs, whose name is not easy to spell, was in a period of self-incubation. Her wardens took the gift from Vivec and promised to guard it from the surface world. This is the first account of dreughs being liars. In ten years, The Ruddy Man appeared again, this time near Tear, worn by a wayward shaman who followed the House of Troubles. Instead of guarding it, the dreughs had imbued the living armor with mythic inflexibility. It molted soon after skill-draping the shaman and stretched his bones to the five corners. When Vivec met the monster in battle again he saw the remains of three villages dripping from its feet. He took on his giant form and slew The Ruddy Man by way of the Symbolic Collage. Since he no longer trusted the Altmer of the sea, Vivec gave the carapace of the monster to the devout and loyal mystics of the Number Room. He told them: 'You may make of The Ruddy Man a philosopher's armor.' The mystics began by wrapping one of their sages in the shells, a series of flourishes by two supra numerates, one hormonally tall and the other just under his arms. They ran around the carapace and through each other, applying holy resin drawn from the carcasses of the now-useless numbers between twelve and thirteen. Golden straws were quickly stuck through the mythic epidermal so the sage could breathe. After the ceremonial etchings were drawn into hardening resin, long lists of dead names and equations whose solutions were to be found in the mouth of the Chimer inside, there came the illuminations, inscribed by the bright, terrible fingernail of Vivec. From the nail's tip flowed a searing liquid, filling the grooves of the ceremonial etchings. They bled out to form veined patterns about the sage-shell that theologians would decipher forever after. The ending of the words is ALMSIVI."
    },
    {
        "number": 29,
        "contents": "The Scripture of the Numbers: 1. The Dragon Break, or the Tower. 1 2. The Enantiomorph. 68 3. The Invisible Gate, ALMSIVI. 112 4. The Corners of House of Troubles. 242 5. The Corners of the World. 100 6. The Walking Ways. 266 7. The Sword at the Center. 39 8. The Wheel, or the Eight Givers. 484 9. The Missing. 11 10. The Tribes of the Altmer. 140 11. The Number of the Master. 102 12. The Heavens. 379 13. The Serpent. 36 14. The King's Cough. 32 15. The Redeeming Force. 110 16. The Acceptable Blasphemes. 12 17. The Hurling Disk. 283 18. The Egg, or Six Times the Wise. 19. The Provisional House. 258 20. The Lunar Lattice. 425 21. The Womb. 13 22. Unknown. 453 23. The Hollow Prophet. 54 24. The Star Wound. 44 25. The Emperor. 239 26. The Rogue Plane. 81 27. The Secret Fire. 120 28. The Drowned Lamp. 8 29. The Captive Sage. 217 30. The Scarab. 10 31. The Listening Frame. 473 32. The False Call. 7 33. The Anticipations. 234 34. The Lawless Grammar. 2 35. The Prison-Shirt. 191 36. The Hours. 364 'The presence of deaf witness, this is what the numbers are. They hang onto the Aurbis as the last nostalgia of their godhood. The effigies of numbers are their current applications; this is folly, as above. To be affixed to a symbol is too, too certain.' The ending of the words is ALMSIVI."
    },
    {
        "number": 30,
        "contents": "Then Vivec left the mystics of the Number Room and went back to the space that was not a space. From the Provisional House he looked into the middle world to find the sixth monster, called City-Face. He was vexed when he could not find it and went back to the Mourning Hold in secret anger, killing a mystic that asked about higher order. Nerevar, the Hortator, witnessed this and said, 'Why do this, milord? The mystics look to you for guidance. They work to make your temple better stoned.' Vivec said, 'No one knows what I am.' The Hortator nodded and went back to his studies. Here is how City-Face hid from his mother-father: it had been born named as Ha-Note, a bare urge of power, an esoteric wind nerve tuned to the frequency of huddled masses. It found root in villages and multiplied, finding in the minds of the settled a veiled astrology, the star charts of culture, and this resonance made its head swim. Ha-Note moved sideways into the Adjacent Place, growing and unbeknownst. Above the vocal, it trembled with new emotions, immortal ones, absorbing more than the thirty known to exist in the middle world. When Ha-Note became gravely homesick, the Grabbers took it. A Grabber said, 'New emotions to the lonely occur only of madness. This thing is gone. It is ours now.' Grabbers had never made a city of their own, and their glimpse of Vivec's, which shone with holiness through all the spheres, had taken their attention. 'Under this reason did the issue of Vehk slide into our realm, drawn by our coveting, hidden in loss. We shall build our tower-hope upon its face.' Now many years had passed in Resdaynia, and the high priests of the Dwemer were building something alike as Vivec and alike as the new Ha-Note of the Grabbers. The Hortator was engaged with an army of theirs that had become too brave, talking foolish words, and Nerevar helped destroy them with the help of the orphan legion of Ayem. When he went to give trophy to Vivec, he saw his lord under attack by the City-Face. The monster was saying this: 'Here we are to replace your city, Vehk and Vehk. We are from the place of the more-than-known emotions, and our citizenry has died from it. Two things we came for, but can stay for only one. Either we ask you to correct our error of culture, or merely take yours by dint of force. The second is easiest, we think.' Vivec sighed. 'You would replace my direction,' he said. 'I weary of this, though I wanted to kill you an age before. Resdaynia is fallen ill, and I have no time for one more imaginary analogy of an unknown incident. Here, take this.' At which he touched the tower-hope of the City-Face and corrected the error of the Grabbers. 'And this.' At which he stabbed the heart of the City-Face with the Ethos Knife, which is to say RKHT AI AE ALTADOON AI, the short blade of proper commerce. The ending of the words is ALMSIVI."
    },
    {
        "number": 31,
        "contents": "Many more years passed in Resdaynia, and the high priests of the Dwemer were almost ready to make war on the rulers of Veloth. The Hortator had become the husband of Ayem during this time, and the first saint of the Triune way. Vivec had tired of fighting his sons and daughters, and so took a respite from trying to find them. The Hortator said to his wife, 'Where is Vivec, my teacher? I love him still, though he grows cold. His lamentations, if I may call them that, have changed the skin of the whole country. He is hardly to be found anywhere in Veloth of late. The people grow dark because of it.' And Ayem took mercy on her troubled husband and told him that the sword of the Triune had been fighting minor monsters stirred up by the Dwemer as they worked on their brass siege machines. She took the Hortator inside her and showed him where his master was. ALMSIVI, or at least that aspect that chose to be Vivec, sat in the Litany Hall of the False Thinking Temple after his battle with the Flute-and-Pipe Ogres of the West Gash. He began writing, again, in his Book of Hours. He had to put on his Water Face first. That way he could separate the bronze of the Old Temple from the blue of the New and write with happiness. Second, he had to take another feather from the Big Moon, further rendering it dead. That way he could write about mortals with truth. Third, he recalled the Pomegranate Banquet, where he was forced to marry to Molag Bal with wet scriptures to cement his likeness as Mephala and write with black hands. He wrote: The last time I heard his voice, showing the slightest sign of impatience, I learned to control myself and submit to the will of others. Afterwards, I dared to take on the sacred fire and realized there was no equilibrium with the ET'ADA. They were liars, lost roots, and the most I can do is to be an interpreter into the rational. Even that fails the needs of the people. I sit on the mercy seat and pass judgment, the waking state, and the phase aspect of the innate urge. Only here can I doubt, in this book, written in water, broadened to include evil. Then Vivec threw his ink on this passage to cover it up (for the lay reader) and wrote instead: Find me in the blackened paper, unarmored, in final scenery. Truth is like my husband: instructed to smash, filled with procedure and noise, hammering, weighty, heaviness made schematic, lessons learned only by a mace. Let those that hear me then be buffeted, and let some die in the ash from the striking. Let those that find him find him murdered by illumination, pummeled like a traitorous house, because, if an hour is golden, then immortal I am a secret code. I am the partaker of the Doom Drum, chosen of all those that dwell in the middle world to wear this crown, which reverberates with truth, and I am the mangling messiah. The ending of the words is ALMSIVI."
    },
    {
        "number": 32,
        "contents": "The Scripture of the Mace, First: 'The pleasure of annihilation is the pleasure of disappearing into the unreal. All those that would challenge the sleeping world will seek membership in this movement. I denounce the alienation of the Cloven Duality with a hammer.' Second: 'Take from me the lessons as a punishment for being mortal. To be made of dirt is to be treated as such by your jailers. This is the key and the lock of the Daedra. Why do you think they escaped the compromise?' Third: 'Velothi, your skin has become the pregnant darkness. My brooding has brought this on. Remember that Boethiah asked you to become the color of bruise. How else to show yourselves people of the exodus into the vital: pain?' Fourth: 'The sage who is not an anvil: a conventional sentence and nothing more. By which I mean dead, the fourth walking way.' Fifth: 'A proper comprehension of the virtues: stage-managed and to be murdered.' Sixth: 'In the end, rejoice as a hostage released from drumming torment but that savors his wound. The drum breaks and you find it to be a nest of hornets, which is to say: your sleep is over.' Seventh: 'The suspicious is spectacle and the lie is only a theoretical inspiration.' Eighth: 'But then why, you ask, do the Daedra wish to meddle with the Aurbis? It is because they are the radical critique, essential as all martyrs. That some are more evil than others in not an illusion. Or rather, it is a necessary illusion.' The ending of the words is ALMSIVI."
    },
    {
        "number": 33,
        "contents": "Then Vivec left the Litany Hall of the False Thinking Temple, where he had brooded for so long creating the scripture of the pounding light, and went back to the space that was not a space. From the Provisional House he looked into the middle world to find the seventh monster, called Lie Rock. Lie Rock was born of Vivec's Second Aperture and was thrown out of the Pomegranate Banquet by a member of the Sweeps, another forgotten guild. The Sweep did not take it for the monster that it was and so he did not expect it to fly from his hand and into the heavens. 'I am born of golden wisdom and powers that should have forever been unalike! With this nature I am invited into the Hidden Heaven!' By which he meant the Scaled Blanket, made of not-stars, whose number is thirteen. Lie Rock became full of foolishness, haggling with the Void Ghost who hides in the religions of all men. The Void Ghost said: 'Stay with me a full hundred years and I will give you a power that no divinity will dare disobey.' But before the hundred years was up, Vivec was already looking for Lie Rock and found him. 'Stupid stone,' Vivec said. 'To hide in the Scaled Blanket is to make a mark on nothing. His bargains are only for ruling kings!' So Vivec sent the Hortator to the heavens to shave Lie Rock asunder by the named axe. Nerevar made peace with the south-pole-star of thieving and the north-pole-star of warriors and the third-pole-star, which existed only in the ether, which was governed by the apprentice of Magnus the sun. They gave him leave to wander among their charges and gave him red sight by which to find Lie Rock in the Hidden Heaven. By chance, Nerevar met the Void Ghost first, who told him that he was in the wrong place to which the Hortator said, 'Me or you?' and the Void Ghost said both. This sermon does not tell what else was said between these masters. Lie Rock, however, used the confusion to launch his own attack on the city-god, Vivec. He was hastened by all three of the black guardians, who wanted him swiftly gone, though they meant no hostility to the lord of the middle air. The citizenry of Vivec screamed as they saw a shooting star come down out of the sky hole like a toll-road of hell. But Vivec merely raised his hand and froze Lie Rock just above the city and then he pierced the monster with Muatra. (The practice of piercing the Second Aperture is now forbidden.) When Nerevar returned, he saw the frozen comet above his lord's city. He asked whether or not Vivec wanted it removed. 'I would have done so myself if I wanted, silly Hortator. I shall keep it there with its last intention intact, so that if the love of the people of this city for me ever disappear, so shall the power that holds back their destruction.' Nerevar said, 'Love is under your will only.' Vivec smiled and told the Hortator that he had become a Minister of Truth. The ending of the words is ALMSIVI."
    },
    {
        "number": 34,
        "contents": "Then Vivec left the Ministry of Truth and went back to the space that was not a space. From the Provisional House he looked into the middle world to find the eighth and final and mightiest monster, called GULGA MOR JIL and more. The wise must look elsewhere for this string of power. Vivec called to his side the Hortator and this was the first time that Nerevar had ever been to the Provisional House. He had the same vision that Vivec had so many years ago: that of the two-headed ruling king. 'Who is that?' he wondered. Vivec said, 'The red jewel of conquest.' Nerevar, perhaps because he was frightened, became vexed at his lord's answer. 'Why are you always so evasive?' Vivec told the Hortator that to be otherwise was to betray his nature. Together they moved into the middle world, to a village near where Vivec had been found by Ayem and Seht. The eighth monster was there, but he did not act much like a monster. He sat with his legs in the ocean and with a troubled look on his face. When he saw his mother-father, he asked why he should have to die and return to oblivion. Vivec told the eighth monster that to be otherwise was to betray his nature. Since this did not seem to satisfy the monster and Vivec still had a touch of Ayem's mercy he said: 'The fire is mine: let it consume thee, And make a secret door At the altar of Padhome, In the House of Boet-hi-Ah Where we become safe And looked after.' The monster accepted Muatra with a peaceful look and his bones became the foundation for the City of the Dead, anon Narsis [sic]. Nerevar put away his axe, which he had at the ready, and frowned. 'Why,' he said, 'did you ask me to come if you knew the eighth monster would give in so easily?' Vivec looked at the Hortator for a long time. Nerevar understood. 'Do not betray your nature. Answer as you will.' Vivec said, 'I brought you here because I knew the mightiest of my issue would succumb to Muatra without argument, if only I gave him consolation first.' Nerevar looked at Vivec for a long time. Vivec understood. 'Say the words, Hortator.' Nerevar said, 'Now I am the mightiest of your children.' Let this sermon be consolation to those who read it that are destined to die. The ending of the words is ALMSIVI."
    },
    {
        "number": 35,
        "contents": "The Scripture of Love: 'The formulas of proper Velothi magic continue in ancient tradition, but that virility is dead, by which I mean at least replaced. Truth owes its medicinal nature to the establishment of the myth of justice. Its curative properties it likewise owes to the concept of sacrifice. Princes, chiefs, and angels all subscribe to the same notion. This is a view primarily based on a prolific abolition of an implied profanity, seen in ceremonies, knife fighting, hunting, and the exploration of the poetic. On the ritual of occasions, which comes to us from the days of the cave glow, I can say nothing more than to loosen your equation of moods to lunar currency. Later, and by that I mean much, much later, my reign will be seen as an act of the highest love, which is a return from the astral destiny and the marriages between. By that I mean the catastrophes, which will come from all five corners. Subsequent are the revisions, differentiated between hope and the distraught, situations that are only required by the periodic death of the immutable. Cosmic time is repeated: I wrote of this in an earlier life. An imitation of submersion is love's premonition, its folly into the underworld, by which I mean the day you will read about outside of yourself in an age of gold. For on that day, which is a shadow of the sacrificial concept, all history is obliged to see me for what you are: in love with evil. To keep one's powers intact at such a stage is to allow for the existence of what can only be called a continual spirit. Make of your love a defense against the horizon. Pure existence is only granted to the holy, which comes in a myriad of forms, half of them frightening and the other half divided into equal parts purposeless and assured. Late is the lover that comes to this by any other walking way than the fifth, which is the number of the limit of this world. The lover is the highest country and a series of beliefs. He is the sacred city bereft of a double. The uncultivated land of monsters is the rule. This is clearly attested by ANU and his double, which love knows never really happened. Similarly, all the other symbols of absolute reality are ancient ideas ready for their graves, or at least the essence of such. This scripture is directly ordered by the codes of Mephala, the origin of sex and murder, defeated only by those who take up those ideas without my intervention. The religious elite is not a tendency or a correlation. They are dogma complemented by the influence of the untrustworthy sea and the governance of the stars, dominated at the center by the sword, which is nothing without a victim to cleave unto. This is the love of God and he would show you more: predatory but at the same time instrumental to the will of critical harvest, a scenario by which one becomes as he is, of male and female, the magic hermaphrodite. Mark the norms of violence and it barely registers, suspended as it is by treaties written between the original spirits. This should be seen as an opportunity, and in no way tedious, though some will give up for it is easier to kiss the lover than become one. The lower regions crawl with these souls, caves of shallow treasures, meeting in places to testify by way of extension, when love is only satisfied by a considerable (incalculable) effort.' The ending of the words is ALMSIVI."
    },
    {
        "number": 36,
        "contents": "For these were the days of Resdaynia, when Chimer and Dwemer lived under the wise and benevolent rule of the ALMSIVI and their champion the Hortator, though the Dwemer had become foolish and challenged their masters. Out of their fortresses they came with golden ballistae that walked and mighty atronachs and things that spat flame and things that made killing songs. Their king was Dumac Dwarf-Orc, but their high priest was Kagrenac the Blighter. Under mountains and over them the war with the Dwemer was raged, and then came the northern men to help Kagrenac and they brought Ysmir again. Leading the armies of the Chimer was the slave that would not perish, the Hortator Nerevar, who had traded his axe for the Ethos Knife. He slew Dumac at Red Mountain and saw the heart bone for the first time. Men of brass destroyed the eleven gates of the Mourning Hold and behind them came the Dwemeri architects of tone. Ayem threw down her cloak and became the Face-Snaked Queen of the Three in One. Those that looked upon her were overcome by the meanings of the stars. Under the sea, Seht stirred and brought the army he had been working on in the castles of glass and coral. Clockwork dreughs, mockeries of the Dwemeri war machines, rose up from the seas and took their counterparts back beneath, where they were swallowed forever by the sea. Red Mountain exploded as the Hortator went too far inside, seeking the Sharmat. Dwemeri high priest Kagrenac then revealed that which he had built in the image of Vivec. It was a walking star, which burnt the armies of the Triune and destroyed the heartland of Veloth, creating the Inner Sea. Each of the aspects of the ALMSIVI then rose up together, combining as one, and showed the world the sixth path. Ayem took from the star its fire, Seht took from it its mystery, and Vehk took from it its feet, which had been constructed before the gift of Molag Bal and destroyed in the manner of truth: by a great hammering. When the soul of the Dwemer could walk no more, they were removed from this world. Resdaynia was no more. It had been redeemed of all the iniquities of the foolish. The ALMSIVI drew nets from the Beginning Place and captured the ash of Red Mountain, which they knew was the Blight of the Dwemer and that would serve only to infect the whole of the middle world, and ate it. ALTADOON DUNMERI! The beginning of the words is ALMSIVI. I give you this as Vivec."
    }
]
